,0
0,0.00022186054121350895
1,9.772166762015523e-05
2,0.0015470497905810243
3,0.00022186054121350895
4,0.00028064291631147776
5,0.0012394987720068366
6,0.00019720459957038084
7,0.0004217098188725611
8,0.00046665254756020103
9,0.0019854486286001037
10,0.00029888737190134914
11,0.00042892339975475203
12,0.0008205374988236644
13,0.00012764482947166608
14,0.0002416645956222504
15,0.0002743262919066149
16,0.00025624010797230555
17,0.0006873233363474246
18,0.0008514619464264571
19,0.00027818257116652307
20,0.00016007217590291786
21,0.00012075349539212402
22,0.0005018151033606964
23,0.0012759513186909842
24,0.0019472111766360128
25,0.00024034760615175316
26,1.2674134444529337e-05
27,1.8700011881665734e-07
28,0.00030890881005162825
29,0.0010348191558211385
30,0.0005325396075153405
31,0.00011310266717068662
32,0.0004376345299216103
33,0.0012759513186909842
34,0.0008403353953139563
35,0.0010739163437161457
36,0.011991510193215885
37,0.00018805841481410712
38,0.00030016172864620014
39,0.0007422483659901915
40,0.0003049641584561804
41,0.00046400980489710945
42,0.0012352781247979127
43,0.00031135704442015376
44,7.6633355731284e-05
45,8.582956482774448e-05
46,9.894186401441461e-05
47,0.00014414361505639476
48,0.0001372729870874465
49,0.00026457608917190937
50,0.002365210662852272
51,0.0002691421500572362
52,0.00019111578238403178
53,0.00013479019853653585
54,0.0001525394481286518
55,6.636168677236491e-05
56,0.00017878413826974025
57,0.00025761852894269605
58,0.001032025821278336
59,8.629973236543755e-05
60,0.0004324578954428728
61,0.00035691454953851843
62,4.046929750641887e-05
63,0.0007213269768786225
64,0.00021730835191453607
65,0.001016060935860629
66,0.0074642813161334655
67,0.0012963205296760605
68,0.0016119601180553684
69,0.00019720459957038084
70,0.0003675067056334328
71,6.558498869166466e-05
72,0.000113709661741266
73,0.0002047951736472796
74,0.00017878413826974025
75,0.00011383333208882331
76,0.0008031315666776031
77,0.00015244364295444312
78,0.0012759513186909842
79,0.00022186054121350895
80,0.00014006785629816593
81,0.00043095194461315023
82,0.00023176081111277153
83,0.00201237183642909
84,9.724887749805503e-05
85,0.00027811250338329995
86,0.00011527229577629169
87,0.00037320080153932083
88,9.131789802987019e-05
89,0.00010315297334675693
90,0.0001754688311485484
91,0.002663784092827726
92,0.0003049641584561804
93,0.0002731831823500564
94,8.468670030573827e-05
95,0.0002712063443755576
96,0.00028926495729361456
97,0.00011577136908206173
98,0.00014584772863647993
99,0.00011462052530588035
100,0.0005568221938558441
101,6.34779893203934e-05
102,0.0008643132399422597
103,0.0004920449655661146
104,0.002057082272031957
105,0.00035064440803017144
106,0.0004883664659064639
107,0.00014410370976971465
108,0.0006142326694737818
109,0.0013849284856522362
110,0.000931704141397336
111,0.0002491681188823889
112,0.0030144976012307246
113,0.000328559959646248
114,0.0007705110498531777
115,0.0028287800037945197
116,0.0010512139638614126
117,0.00011665164118020067
118,0.03548143915264753
119,0.00018415126576663889
120,0.0002791125215765914
121,0.0002026792908867622
122,0.00022186054121350895
123,0.004313080444881002
124,0.001381734733586447
125,9.886516149371217e-05
126,0.00030586214999891146
127,0.000318943988796244
128,0.0034364198161613404
129,0.006583331073662616
130,0.0002244525672157013
131,0.0017612571088478069
132,0.00036026381504866017
133,9.901776014524568e-05
134,0.0002197033811794175
135,0.000856417397692858
136,7.081614193741219e-05
137,0.00025352021168121533
138,0.00011580017789193729
139,0.000258299157859339
140,9.301868703024754e-05
141,0.0009088751854834362
142,0.0005534111024078593
143,0.002979675453488511
144,0.00011963776108075664
145,0.00030890881005162825
146,0.00011858715810177688
147,0.0003477657832018885
148,3.5672069768174915e-07
149,0.00014488450459839127
150,0.00010953727909856597
151,0.00023830282005075874
152,0.00011054521066855612
153,0.0003659220207600254
154,0.0019297726011960421
155,0.0004844295842265487
156,0.0021329192418886324
157,0.00025624010797230555
158,0.00017754617774467314
159,0.002004633253229556
160,0.00012155111343761991
161,0.00012081807894330026
162,0.0012867770108134398
163,0.00027818257116652307
164,7.83446853246439e-05
165,0.00043021131403191593
166,0.0004616908857046798
167,0.00027759113785884705
168,0.0002731831823500564
169,0.0002790776532098683
170,0.00011967190623279483
171,0.0004753830872690188
172,5.31882976362327e-05
173,4.384712800805535e-05
174,0.00019791325822561445
175,0.00028959894270791104
176,0.00011858715810177688
177,0.0002718200988568948
178,0.00047383143753053933
179,0.00018943409478055796
180,0.0016851470530701404
181,0.0018870377967655037
182,0.00040686928677659945
183,6.82337084054252e-05
184,0.0002714761704623487
185,0.0013191536785594367
186,6.0435997383944836e-05
187,0.005377194190833168
188,4.468758733151242e-05
189,0.0017055981433655495
190,0.0001849103078401041
191,0.0008087925119350455
192,7.6633355731284e-05
193,6.449503568789254e-05
194,0.0012759513186909842
195,0.0006927011765950502
196,0.00014390014312121388
197,0.0001591299344954471
198,0.0006194167499879638
199,0.0016851470530701404
200,0.0030144976012307246
201,0.0016344776577975327
202,0.00046013582809189505
203,0.0001109961519952173
204,0.00022272542087784647
205,8.079364347254796e-05
206,0.0002553791849360541
207,0.0028416770403306914
208,6.143656940355095e-05
209,0.0002416645956222504
210,0.00025448827354425895
211,0.00025057420333134773
212,0.0006564030609284687
213,0.0007074063939163201
214,0.0011837028520188737
215,0.00014187744930066292
216,0.0002735197569082723
217,0.00026627554107448823
218,0.0002778659079422007
219,0.000398713067545033
220,0.0001193993133367017
221,0.0009748373968412707
222,0.0006873233363474246
223,0.00043529199872793133
224,0.0002416645956222504
225,0.0007027269555344163
226,0.00026769681456128213
227,0.0004114444241569443
228,0.0018351523679996696
229,6.157912965133774e-05
230,0.0004898442114627716
231,0.0009286641612664027
232,0.0019062436593502191
233,0.0002633688380066607
234,0.00021228832487297527
235,0.00011527229577629169
236,0.0001276199465634252
237,0.0001871141591810565
238,0.00014703197337744033
239,0.000696141429697591
240,0.0018319683097635304
241,0.0008259670306422567
242,0.0001826956129824735
243,0.0001307059370100938
244,0.00246783199825765
245,0.004278915829605259
246,0.0007067196142121114
247,6.501224142332168e-05
248,0.00036405059175437536
249,0.00028167326482033566
250,0.00012156575641852285
251,0.00011274743080143335
252,0.0002714396557392758
253,0.0002501608940294288
254,0.010729199281659395
255,0.0013133144502006655
256,8.52508292831705e-05
257,3.735167370846764e-05
258,0.0003583860742788989
259,0.0006501131826803622
260,0.00010870428152560912
261,0.0007115830312735714
262,0.00026563697155195757
263,7.638492386786133e-05
264,0.001179499606133019
265,0.00015795639346432246
266,3.740013046176892e-05
267,7.08920332513582e-05
268,0.00028880491137527086
269,0.0008781637629649124
270,7.989341526446487e-05
271,0.001470962540537047
272,0.0003738085689081367
273,7.6633355731284e-05
274,0.000966611709303139
275,0.0008360477421945654
276,0.00016147062400908164
277,0.00015953312549209887
278,7.903073216549216e-05
279,8.39488179532489e-05
280,0.00024120179416909282
281,3.9134160692373065e-05
282,0.000728280602287335
283,0.00024034760615175316
284,0.00010845572024986168
285,8.40214582718499e-05
286,0.0006654924381840211
287,0.01228603358178991
288,0.00201251749293274
289,0.00011537289673370749
290,0.0008230147134552125
291,0.00014043154126001508
292,2.8059292410209558e-05
293,0.00018980968981593269
294,0.0001949037973970651
295,0.00030251104519318247
296,6.116158436049447e-05
297,0.000230768735615895
298,0.0004189134697034653
299,0.00033697769556224514
300,0.0008307189006292527
301,0.00023558624424894887
302,8.539152960551161e-05
303,0.00011437539819231986
304,0.0003006467217126968
305,0.0002674145675647583
306,0.000263695176490683
307,0.0004075517275498762
308,0.0011098324598005523
309,0.0004064651330820308
310,0.0004919435825818141
311,0.0006864975333556526
312,0.0012759513186909842
313,0.0001450174936948475
314,0.0015879949529680785
315,0.00016281098707207102
316,0.0002603747498188634
317,0.00012032614505617788
318,0.00018822969284082325
319,0.0006723422070033002
320,0.00010923816129769014
321,0.0003186438326846769
322,0.0002603747498188634
323,0.0002933661226566668
324,0.00045451865895897647
325,0.00031482052383177423
326,0.0005568221938558441
327,0.00047669254920598204
328,0.0001523449581263394
329,0.0012409651087563734
330,6.213089964324185e-05
331,0.0005340430372765275
332,0.00033612251248952646
333,0.00012071568804289065
334,0.0019081934179346028
335,7.234497280753988e-05
336,0.0001716647552123487
337,0.00025741469030790695
338,0.0008304105292330937
339,0.0004546021820436922
340,0.0014055848509405067
341,0.00022568327223096494
342,0.00010314750050359788
343,0.0003348569252215024
344,0.0001038210187657434
345,0.0005773416303904722
346,0.0014742820349819075
347,0.0004917376294667979
348,0.00026379099645209783
349,9.813863448482273e-05
350,0.003502403415357877
351,0.0012759513186909842
352,0.0001579098265870205
353,0.0003953032721971949
354,0.00042650649941230535
355,0.00019310369165268223
356,0.00011173285752434788
357,0.0003893332615339113
358,0.00025933487788076044
359,7.6633355731284e-05
360,0.00011366478753925553
361,0.00024034760615175316
362,0.00642179198880804
363,0.00010571188392027899
364,7.6633355731284e-05
365,0.0003265606937500448
366,0.0005210313439509849
367,0.0018622611940450821
368,0.00514651447910702
369,0.00011929660039744986
370,0.0009820826567515327
371,0.0002801418213848912
372,0.0002402202675833175
373,0.00026797250101148225
374,0.0018140291894055342
375,0.00010198435418404359
376,0.0010601272353451673
377,0.0010959950144640096
378,0.00026563697155195757
379,0.0010693808053543136
380,0.0003561751517220637
381,0.0003026302159133934
382,0.0002132667942464557
383,5.8542941719941254e-05
384,0.0002650423549022525
385,0.0001012275215129701
386,0.0004245248264239937
387,0.0008593087839602347
388,5.7095535271322236e-05
389,0.00020195635176463268
390,0.000521526694160432
391,0.001689585341565345
392,0.00015188536380785473
393,0.0003463739920258253
394,0.0002714761704623487
395,0.00032223349057869415
396,0.0001400291127045979
397,0.00025594730087811807
398,0.0001852970400424773
399,0.00047788127601589735
400,0.00019720459957038084
401,0.00011575412395497826
402,0.00035181925426518883
403,0.00010451768789583033
404,0.00016910913638233785
405,9.602026917314171e-05
406,0.0001325514687893742
407,0.0019980238277348622
408,6.404382349942732e-05
409,0.0006099470052232102
410,0.0003071615691064863
411,0.00027659147615922
412,0.0001465023172876711
413,0.0001060371776919314
414,0.0005047323369460776
415,0.0002845635756616692
416,8.459573508370057e-05
417,0.0013900117936049435
418,0.00030200445269252054
419,9.781629938631724e-05
420,0.00024436744142752187
421,9.474037948572834e-05
422,0.0001876074945436191
423,0.00015075593646162155
424,0.0020106748196593075
425,0.00011173285752434788
426,0.0002583717048017531
427,0.0003647384580117617
428,0.0003673434633211046
429,0.0009693668926856792
430,3.6916282339663304e-05
431,0.0002372893723293939
432,0.0001088889155024411
433,0.0023773738079851774
434,0.00025769967087901907
435,6.642478938056722e-05
436,0.0012759513186909842
437,0.0008670618587072181
438,0.00041811792239202167
439,7.808547728147854e-05
440,0.0004062654891526174
441,0.00026166206038494565
442,0.0014498768732630635
443,6.019056270001048e-05
444,0.00010039363958016188
445,0.0002584164347181382
446,7.700310786272622e-05
447,0.00017250718077771741
448,0.0007203830691258515
449,0.0001047305400084917
450,4.627350464870463e-05
451,0.00039358975130471415
452,0.000993059337757729
453,0.0005297256149112985
454,0.00042404149996627086
455,0.0036457071654245952
456,0.0002416645956222504
457,0.001166136025953567
458,9.645531937806812e-05
459,0.0001700044095873215
460,8.734457158984822e-05
461,0.0014979205287353164
462,0.0001150079369854105
463,0.00014731256630609084
464,0.00035612469312165787
465,0.0007415595546409193
466,0.0003528056726446796
467,8.1422258333723e-05
468,0.00011646684216913523
469,0.0003398148236082217
470,0.0003244819380813716
471,0.00034262822571304606
472,0.0004680450712414447
473,0.0003826073012342715
474,0.002331956443649107
475,7.914605196530617e-05
476,0.0011379998404230458
477,0.011706848257129051
478,8.905104028589135e-05
479,0.0005568221938558441
480,0.0012750470787277356
481,0.00042641591036448424
482,0.0013791382811187637
483,0.00045954983753814784
484,0.0001330171071685224
485,0.0002603747498188634
486,0.00016220054023418991
487,0.00011894978047158818
488,0.00010815967311476874
489,0.00027648252763159243
490,0.000863123728951858
491,1.5819207420173745e-05
492,0.0008976695028583223
493,0.00040571231636926116
494,0.00010809757875879739
495,6.973925766563226e-05
496,0.0006827014567771391
497,0.0019098447727601226
498,0.00010914274270564482
499,6.444222933374315e-05
500,0.0001297413055610393
501,0.002788924870082987
502,0.00045922620433276953
503,0.0028679758208231907
504,0.00017297513127448205
505,0.0002603747498188634
506,0.00024378835071565876
507,0.004726486514125801
508,0.00016111767057287108
509,0.000150660346760863
510,0.0001076207138485955
511,0.00039840729607799023
512,0.005815005357885133
513,0.00015748188473849983
514,4.046929750641887e-05
515,0.00010459119810223832
516,0.00036967344022187723
517,0.00025876060239375
518,0.00010489835297130263
519,0.00010006169497749949
520,9.724064350980173e-05
521,0.0012442238467379207
522,0.0002371534451131549
523,0.0008217751101313567
524,0.00012313655153121467
525,0.00017450077037302114
526,0.0001271374532542647
527,0.00015852025140012643
528,0.0008547344596547874
529,0.0003139625158241175
530,1.9609848709205193e-10
531,0.00015888482079670025
532,0.00048532406019385053
533,0.00042415025671810894
534,0.0001145535644696005
535,0.0004215466991111998
536,0.00033462503897867686
537,0.00018759964357455887
538,0.00023881359529993786
539,8.852313035630876e-05
540,0.0004961919133116046
541,0.0002785899205216153
542,0.0018769788622619204
543,0.00017450077037302114
544,0.00036264264474952687
545,0.0003097108671304939
546,0.00019322372931587371
547,0.00020538721823604882
548,0.0001777994979372525
549,0.00025624010797230555
550,5.782751188910178e-05
551,0.0005244972758284354
552,0.0003142246289648714
553,6.231937675554148e-05
554,0.00015059064870284787
555,0.00017450077037302114
556,0.00012129564507500015
557,0.00016869633592528634
558,3.8657258463609184e-05
559,0.0003073746053068737
560,0.0004129317742156779
561,0.0001395404065119231
562,0.0002047951736472796
563,0.0003804470258321399
564,0.00014410370976971465
565,0.0004355841321046159
566,0.0003547466464009031
567,0.0001751723942105541
568,0.0014073560560330296
569,0.00010010775966588029
570,0.00019360683668577847
571,0.00026015548309234074
572,0.0003280822550713465
573,0.0001085071874183289
574,0.00028498608951658174
575,0.0002696589931347258
576,5.934421733092705e-05
577,0.0003244819380813716
578,0.0016683240338669764
579,0.0002885048174054738
580,0.00011425552491827922
581,0.0002643115315519734
582,0.0014227720690742397
583,1.390174516393638e-05
584,0.0001908497312396026
585,0.00012160181559317274
586,0.00014826160325268867
587,0.0007842608947410199
588,4.557300377769702e-05
589,0.0009530719903478231
590,0.00012785017675167454
591,0.00040686928677659945
592,0.0016119601180553684
593,0.00046116634788964314
594,0.0002225923287286714
595,0.0002013609160967409
596,0.00037123592220286006
597,0.00023687536565769948
598,4.483207689714e-05
599,0.0006770200424441215
600,0.00046181073858969103
601,0.0006992802431113181
602,8.372193357602617e-05
603,0.0003193581158040834
604,0.00034176241127037855
605,0.0003528056726446796
606,0.00014187744930066292
607,5.3471204709826425e-05
608,0.00011702852511634
609,0.0019370196526211415
610,0.0002278592779285598
611,0.00010458056330102807
612,0.00036627879092925643
613,0.00018063939273900434
614,0.00022190290132331595
615,0.00012079737527913968
616,0.0001782152979036224
617,0.0015920457650122396
618,0.00011882878323056106
619,0.00035612469312165787
620,0.00024034760615175316
621,0.0003232182655219195
622,0.000514853797273803
623,9.904825809615388e-05
624,0.001881293347528598
625,0.01003645334300736
626,0.0004775118535315652
627,0.004454477088802547
628,0.0012626317079516315
629,0.00013271086445858763
630,0.00027522571204503316
631,0.00011911130139956419
632,0.00031200172378025145
633,0.0006916576048082685
634,0.00301544560346182
635,0.00010809757875879739
636,0.00039490240730337785
637,9.03355663838391e-05
638,8.436521344688173e-05
639,0.0001307059370100938
640,0.00019193161020930973
641,0.00023558624424894887
642,9.345652865822644e-05
643,0.00010117796409734511
644,0.0004960696072468759
645,0.0002047951736472796
646,0.00039753692717699386
647,8.07983446743146e-05
648,0.00099084293449941
649,0.0001331266332385003
650,0.0004603543286763048
651,0.000851950727293206
652,0.0003975366013025878
653,0.0003528056726446796
654,0.000688730828129502
655,0.0002416645956222504
656,0.00019209277202513722
657,0.0001432118526946259
658,0.0022200103026567912
659,0.00031887769577649194
660,0.0006251701685119642
661,0.0005728643973264994
662,0.0009257094381632643
663,0.026714565174413212
664,0.0005653524060811738
665,0.0017329261878669426
666,0.0011810628962441046
667,0.00011667825295268359
668,0.0001307059370100938
669,0.0019122094047327762
670,0.0010207134365103965
671,0.000985642400068825
672,0.0003682941565494441
673,0.00012469141146165705
674,0.0007402326535938658
675,0.0018476587156093128
676,0.00025643986620132775
677,0.0018425864076433464
678,8.081869461971596e-05
679,0.00017566411171914513
680,0.00024423404367817004
681,0.0009088751854834362
682,0.00038725911275482836
683,0.00023491481051360469
684,0.0009225978452334628
685,0.00011129024963216056
686,0.0006644300885354602
687,0.0001383843908527122
688,0.0005498404670693361
689,0.000620894487342852
690,0.00028107336478466646
691,0.00033470422040954203
692,0.0018283663726863823
693,0.007601830819987124
694,0.0002126538776301071
695,0.000812983355105697
696,0.0002258025999918498
697,0.00014410370976971465
698,5.3743971526657466e-05
699,0.00021568094456156733
700,0.0005655302531592468
701,0.00045406831117874474
702,0.00011173285752434788
703,0.0001794281912402233
704,0.0004996787189209048
705,0.00031948843725225316
706,0.0002750305697323387
707,0.00010475366512159909
708,0.00018837759666378385
709,0.00021281619490289225
710,0.00012716592745392084
711,7.857054286941023e-05
712,0.00025267617765839165
713,0.00011387724231170046
714,0.0001689259843620441
715,0.00036255972531119054
716,8.372603954948807e-05
717,0.00035843932401538055
718,0.00024444708028849505
719,8.296496548470498e-05
720,9.316754803713554e-05
721,0.00025663311991896113
722,0.0027176588714504317
723,5.938469008021236e-05
724,0.0005295761619559475
725,0.0003197829880799096
726,0.0002674145675647583
727,0.00017221499088374966
728,0.00011217722576391458
729,0.00041941739413026954
730,8.192431568799508e-05
731,0.0016077979106130019
732,0.00018144907591422928
733,0.0001397714773440798
734,0.00015292380111669302
735,0.0009188449769660171
736,0.0002674007011561485
737,0.00019026572163072204
738,0.0001767848482901698
739,6.372103082121051e-05
740,3.984038963277553e-06
741,4.1689062188944404e-05
742,0.0002501608940294288
743,0.005089782471076881
744,9.756302952471625e-05
745,0.000247373482971818
746,0.00042865294590389044
747,0.0008725748405870099
748,0.0015887236301363888
749,0.0022803112614377258
750,0.00021733647692254312
751,7.795343479576342e-05
752,0.0002603747498188634
753,7.6633355731284e-05
754,0.001681076257884662
755,0.0002931550475886304
756,0.0032340896300571804
757,0.0002447143644256228
758,0.00011527229577629169
759,0.0002343655636040402
760,0.0009934790584810729
761,0.00042562845429358593
762,0.00010527469166011102
763,9.395918475303027e-05
764,0.00012155111343761991
765,0.000266562933802522
766,0.0015951510980772513
767,0.0008624095883355716
768,0.0003047484760588991
769,0.0003085269143786081
770,0.0017138296570729597
771,0.00019586482935077086
772,0.0012856169964014237
773,0.002804566858739464
774,8.032610171197588e-05
775,0.0007620147316146366
776,7.936618394557749e-05
777,0.00013227349439997498
778,0.0006407264319606138
779,0.0018573809468683158
780,0.00017450077037302114
781,0.0005351112308555999
782,0.001986396861382756
783,0.0037708755809883632
784,0.005359646027458584
785,0.0005205052447260321
786,0.00037826317037492456
787,0.0006999217987378325
788,0.00430063886854613
789,0.0004321672414892766
790,0.00017450077037302114
791,0.0002047951736472796
792,0.0001492067112743569
793,0.0002416645956222504
794,0.00017450077037302114
795,0.002942343119733564
796,0.00023461674337253973
797,0.0002772739395825701
798,9.677196271435024e-05
799,0.00016058899941007908
800,0.002639921742707445
801,0.011928853180760722
802,0.0001038210187657434
803,0.0031167455942979726
804,0.00024034760615175316
805,0.00031315565154971454
806,0.0004613802281897681
807,0.0005060731183762923
808,0.0002501608940294288
809,0.0002483121863940132
810,0.0006236789414635885
811,0.00024034760615175316
812,0.00011826656905154565
813,0.00030610107366036587
814,1.6571759742341102e-05
815,4.524569738885953e-05
816,0.03657537416351814
817,0.00027419450211076774
818,1.8947521924633107e-05
819,0.00011377376666279713
820,0.0002801108267378973
821,0.00022112252818046142
822,0.003692001151144095
823,0.00016632298210589197
824,0.0008449266083715476
825,0.0007393063475098732
826,0.0003587643645432986
827,0.40073263954322447
828,0.5350647910294091
829,0.0052595647781340646
830,0.00014763326765211823
831,6.585188998815567e-05
832,0.0006801187343437834
833,1.2662806628550038e-05
834,6.606124440369882e-05
835,0.0009500479427101367
836,0.00016645269563670087
837,8.474244409982211e-05
838,0.012214668273891106
839,5.851348019415334e-05
840,0.00011655823671910344
841,0.0015530235638420244
842,0.00011887980081210875
843,0.00012374674907880814
844,0.020096511398200727
845,0.001963270673934899
846,2.1854942520225554e-05
847,0.00026891856520648355
848,0.00021333699486860281
849,0.00032601972607313807
850,0.0025080403006716772
851,0.30684371649978986
852,0.0035605581786343032
853,0.0003752167117174568
854,1.7484366118611733e-05
855,0.0024106034307073286
856,0.00011717205278160848
857,0.0010598627213481003
858,0.00011751260464773232
859,0.000272571016798148
860,0.9466376859026769
861,0.00018425312142938017
862,7.504744958116432e-05
863,0.0023923469036401944
864,0.011613452856097372
865,0.00015849017866210248
866,0.00017437744472892703
867,0.17728484479221254
868,0.0005430201087913126
869,3.111942986848464e-05
870,2.6375141064656715e-05
871,0.001018689734418712
872,0.00015316859921975522
873,0.00026792463303812925
874,0.0001282159808621548
875,0.8270502154258196
876,0.00035220154402353625
877,0.00015894925682465575
878,0.00039371759680642966
879,0.0004094732393604391
880,0.00037940551638617647
881,0.0008360263917567831
882,0.7248311175902169
883,0.00018615056288588216
884,0.0007854205137682958
885,0.0007457776541413282
886,0.00010418705179180844
887,1.173621429983928e-05
888,7.599258102951075e-05
889,0.0004209483189480341
890,0.27072163618164957
891,0.023033499652529276
892,0.00043722478454448027
893,0.0011196226586293147
894,0.0003089036171047371
895,0.31842588647542425
896,0.00011456554492234574
897,0.001075150769321577
898,0.00023136542088047677
899,4.0233468665235234e-05
900,0.34061251174359075
901,0.00013603466422602473
902,6.0541675154435426e-05
903,0.006680875197099851
904,0.5608351232143273
905,0.00025829043859331444
906,0.0008835992843729756
907,0.00015478801805197752
908,0.00035612469312165787
909,0.0007685236821922393
910,0.6587108684027779
911,0.0015399728268295147
912,0.0005173769617955276
913,5.473356180185315e-05
914,0.0007835998899021441
915,0.6680552579621303
916,0.00046899794880384243
917,3.432648124112846e-05
918,8.208426472771797e-06
919,0.0004079895552157941
920,0.0023061605407548335
921,0.00011425331218822225
922,0.000368830519211909
923,0.009562613001804382
924,0.0007400765484077304
925,0.00014202237105213442
926,0.0013203868027005876
927,0.0047520010170061765
928,0.00041311235538688896
929,9.224182062223729e-05
930,0.0003541492240082964
931,0.0007576421595240132
932,0.04471166192131805
933,0.0009589834013281383
934,0.0004284820688401115
935,1.2193990429908364e-05
936,0.00019982805401169064
937,0.0017379259861452644
938,6.166453403139969e-05
939,0.0009759971122892458
940,8.687221231568691e-05
941,1.8637493975017972e-05
942,0.001744009201545682
943,2.9859308127387165e-06
944,0.0023997720803820167
945,6.568965636630713e-05
946,0.1550917659308802
947,1.1886917456488623e-05
948,0.36918768608086683
949,0.0001029359256759852
950,0.00017965984413385503
951,0.00027591861637267447
952,7.780106296515219e-05
953,0.00010953727909856597
954,0.0004967129937326514
955,0.00034759887950595983
956,0.0008575345960224433
957,0.007040889079439737
958,0.002050009343850731
959,0.00989289438465575
960,0.01216168319310312
961,0.0006701441178588668
962,0.0017385378080978695
963,6.125889841907008e-05
964,0.00020592014653461897
965,0.2615569446742651
966,0.0015896692308449794
967,0.001490441000607479
968,0.000246846078662658
969,4.905764273937995e-06
970,0.00016683557603772444
971,0.00026616900613358747
972,0.00010559067973855155
973,0.0005487600300074567
974,9.548655241956329e-05
975,0.000297933388017147
976,0.00014623349868452483
977,0.0005304857962039125
978,0.00032899352567462717
979,0.00018868513205023388
980,0.00010717963729653214
981,0.0026559250762662775
982,0.00016971305216853319
983,0.8295436766410613
984,0.00016175730697398286
985,2.913345990612759e-06
986,0.00016867031950071248
987,0.000366093004620354
988,0.0007842608947410199
989,0.0004758359478723712
990,0.00032246186542925936
991,0.6692389090731728
992,1.216613681894609e-05
993,0.23022082503651198
994,0.21011127337534008
995,0.0017946591646400716
996,0.028841420962195077
997,0.2245049422980955
998,0.0003023741556952997
999,0.00026589018847403154
1000,1.0271479743827492e-05
1001,0.0013374685146076808
1002,0.003436251470465039
1003,0.7144957885776968
1004,0.0004372330379948115
1005,0.562392440704237
1006,0.0007558724765955944
1007,0.0006099470052232102
1008,1.3680720416252484e-05
1009,0.0003912160606756619
1010,0.0016031154975760158
1011,0.0003885831289165016
1012,0.0001279375602089074
1013,0.002472003227794489
1014,0.00021562945279502498
1015,8.135532487397375e-05
1016,0.00048631141924005306
1017,0.32432776257023493
1018,9.404275428992402e-05
1019,0.20223089915182943
1020,0.03386859260316316
1021,0.00016724220519057233
1022,2.606757094708879e-05
1023,0.00018116857007578635
1024,0.0028087700485921966
1025,0.0016799837548581696
1026,0.0008425114514042468
1027,0.0004007365768401338
1028,0.00019961009945293728
1029,0.00019174844974695468
1030,0.002016936852254963
1031,7.454698878344642e-06
1032,0.00025804235836650503
1033,0.00010162516833130264
1034,0.001744009201545682
1035,0.0001541400522654693
1036,0.0010006512497761518
1037,0.0070155048219836995
1038,0.0001777994979372525
1039,0.0001909380502995149
1040,9.460286616833119e-05
1041,0.9461462094756149
1042,0.0003571113689944344
1043,6.309514430444173e-05
1044,0.00012123114099595797
1045,0.0016409735238552639
1046,0.6881153380610073
1047,0.0007504988907425385
1048,4.7881233770129195e-05
1049,0.0013158349409200353
1050,1.1898437551078867e-05
1051,0.7619192313938595
1052,0.0066180277983644755
1053,0.0007787167241271473
1054,0.3190125249983781
1055,0.0001854570258976923
1056,0.00026714127391168303
1057,0.0006317866200665096
1058,0.0001167192651784162
1059,8.583508458631052e-05
1060,0.00015021377054827705
1061,0.013436811244440924
1062,0.0006873233363474246
1063,0.2026294844002669
1064,0.0009390249856570672
1065,9.039479975241146e-05
1066,0.32203524344143614
1067,0.0011224425585297196
1068,0.0027349460083731054
1069,0.0405184170948056
1070,1.9113662642032054e-05
1071,0.010447702715452605
1072,0.00017641765994658084
1073,5.703144395659633e-05
1074,3.0092047027294588e-05
1075,0.0029156995053530106
1076,0.0005873520451855857
1077,0.5148103186964061
1078,0.006282209566183749
1079,0.0019278008359682724
1080,0.00019281798773183002
1081,3.586766931341997e-05
1082,0.00011433001029405823
1083,0.2208399630494698
1084,0.28659204649790126
1085,0.00018525715553444698
1086,7.713948089985464e-05
1087,0.00011671747069014028
1088,0.7230584157143323
1089,0.0014897968119305391
1090,0.043824845278372694
1091,0.3114697188245898
1092,0.025259286161164365
1093,0.0002755620672214592
1094,0.00016487330795139955
1095,0.0002780630311347993
1096,6.58304896697211e-05
1097,0.008057672876646495
1098,0.00035657934713137805
1099,0.00013886504950105238
1100,0.0019148349088415795
1101,0.6319421720947405
1102,0.0001889962889491418
1103,0.0010345213325248686
1104,0.0002693422033732646
1105,0.0005924632974024168
1106,0.00036630914111892405
1107,5.449171328431778e-06
1108,5.3298441680952314e-05
1109,0.0004028457751247273
1110,0.0005337382548125008
1111,0.0008851261408010942
1112,8.23530840454908e-05
1113,0.3168393401600354
1114,0.0007092227223661887
1115,1.6844696161147395e-05
1116,0.0002407754661384564
1117,6.642478938056722e-05
1118,0.00010027949133768772
1119,0.00014464952396215812
1120,1.0003334611055395e-05
1121,5.901723564953681e-05
1122,0.0011373132460344138
1123,0.0006630659125174402
1124,0.0003043258267317285
1125,0.00038293284438059826
1126,0.0015155513140480404
1127,0.0007653443825692127
1128,0.00010359561812381584
1129,0.0003630956101106946
1130,0.4653975262396526
1131,0.0063206963953428355
1132,0.00015392294737602138
1133,0.0010812770474565299
1134,0.001702472723961608
1135,0.00012338870270873177
1136,0.30684371649978986
1137,0.00012155111343761991
1138,0.00026624119398144957
1139,0.00015397497699639703
1140,9.108358642130406e-05
1141,0.00022506179741797598
1142,0.0002759800778053471
1143,0.00027488112523375174
1144,0.0008324908175412003
1145,9.516971102206849e-05
1146,0.00014305082832260095
1147,0.426882664296352
1148,0.0010468123783020714
1149,0.003659308064628734
1150,0.0005161157919740346
1151,0.0004985388455424306
1152,0.4835470014727119
1153,0.0005378934831835285
1154,0.6603301530390262
1155,9.93236641165886e-05
1156,0.08386124086270424
1157,0.14942599941020632
1158,3.2759695646067425e-05
1159,0.00013747590508312967
1160,0.0007987886294655494
1161,0.0017032990547620481
1162,0.011726754618680713
1163,0.0001513138114797344
1164,0.0018166024102213244
1165,0.00046280774144301807
1166,0.0002416645956222504
1167,0.000271156880332741
1168,0.1966817170481035
1169,0.00025431717092592033
1170,0.36325448329830967
1171,6.146859566908317e-05
1172,0.0007519461766686251
1173,0.0001865079338625934
1174,0.0022253165188040494
1175,0.0014380468512403138
1176,0.49161646606605003
1177,0.00035306121982094064
1178,0.0001532302644843113
1179,0.0015202171323903209
1180,0.0003671231173116432
1181,0.00021355777677044185
1182,0.7978445175554102
1183,0.000841962098205844
1184,0.0002102291744558188
1185,0.0003015783025969607
1186,0.00037139518093339094
1187,8.529289861738936e-06
1188,6.110119437127363e-05
1189,0.001684749888637939
1190,0.16408313934366994
1191,0.0002629927026848422
1192,0.0009424974810815342
1193,0.08302855311462472
1194,0.00014281679887311174
1195,0.019018195094897147
1196,0.3946946754703145
1197,4.1689062188944404e-05
1198,0.00037256420491822766
1199,0.15262853959974826
1200,0.8246687463773443
1201,0.03590346958319981
1202,0.1290519711869053
1203,0.5325696389502158
1204,0.792391608310586
1205,0.0002711589924691397
1206,0.6398504249246804
1207,0.5869165328472643
1208,0.0994136121742917
1209,0.0012321801822217087
1210,0.2552928783405612
1211,0.29289308289208016
1212,0.3175599722389808
1213,0.2606314320416138
1214,0.6365266423577293
1215,7.725177988666752e-05
1216,0.0003673352429391476
1217,0.659244448953373
1218,0.3086294998936059
1219,0.0003528056726446796
1220,9.838075873593579e-05
1221,0.21954063102263469
1222,0.0011808555097866484
1223,0.00042501575535070987
1224,0.7973089475640994
1225,0.0002746446703488931
1226,0.4537132099838633
1227,0.16670276243413631
1228,0.0009808789070599167
1229,0.5536061181136127
1230,0.23685897547649246
1231,0.15640333200229642
1232,0.3132355068525608
1233,0.1475569727966665
1234,0.0001398194621120493
1235,0.13049101838479674
1236,0.43988211648212966
1237,0.8148922297141681
1238,0.00020980363954581688
1239,0.0002750898809782602
1240,0.001599700545984762
1241,0.2185110310801991
1242,0.9472998416058843
1243,0.5024319253879372
1244,0.011284728651682714
1245,0.0006107512036835636
1246,0.3634869005444803
1247,0.34937545472107656
1248,0.0007210215431944864
1249,0.00011289653005971067
1250,0.22514115915108568
1251,0.00028927433696076957
1252,0.19887444225624437
1253,0.0006159351336203194
1254,0.0003528056726446796
1255,0.3840334970166717
1256,0.7029871458664164
1257,0.1642824786996771
1258,9.724064350980173e-05
1259,0.44509480437579607
1260,8.541139588424658e-05
1261,0.6500757854909618
1262,0.3223063392646474
1263,0.4269647136171354
1264,0.31181597173151254
1265,0.000279425845055947
1266,0.24518247735048956
1267,6.489467586255703e-05
1268,0.001004502836716277
1269,0.00017450077037302114
1270,0.2958530507020054
1271,0.1951199306711759
1272,4.935435475473187e-05
1273,0.0013662725816362491
1274,0.0002761573088735733
1275,0.6985308878068083
1276,0.3153153545903303
1277,8.400621895909975e-05
1278,0.1527575875021567
1279,7.6633355731284e-05
1280,0.18467484728384212
1281,0.26021327889651064
1282,0.1792333687062374
1283,0.6428344574652143
1284,0.805466306723769
1285,0.7113610685647543
1286,0.16588380115297593
1287,0.0004032426622376376
1288,0.00013451513200091842
1289,0.00023277481241189423
1290,0.27278920601181605
1291,8.810600836957863e-05
1292,0.0015151607144554611
1293,4.223667608476829e-06
1294,0.0016504908038581874
1295,0.36664049655329745
1296,0.00012074607068695013
1297,0.4620084362874636
1298,0.00014713470015438764
1299,0.0006229147640943779
1300,0.02332783919385144
1301,0.00015946350592624275
1302,0.0004396184364558459
1303,0.5054235234077025
1304,0.6626206212502128
1305,0.4808629672068182
1306,0.20145083751479007
1307,0.00042384885384178016
1308,0.6326430917629902
1309,0.2296042773875846
1310,0.0004098956225342367
1311,0.7527407271785821
1312,0.00012010422476245728
1313,0.0005171599751806301
1314,0.17753477098607418
1315,0.31800078981209356
1316,9.048371926090314e-05
1317,0.3861219922440797
1318,0.16561732973908588
1319,0.1739071381357719
1320,0.17619621420301076
1321,0.25770132600711787
1322,0.1485753598028993
1323,0.624042007281076
1324,0.6507749894688005
1325,0.3241380406878025
1326,0.058855592034250524
1327,0.0007842742988162793
1328,0.20616163581772343
1329,0.002057082272031957
1330,0.18467484728384212
1331,0.04337362148354237
1332,8.178831724724846e-05
1333,0.0016899409297709135
1334,0.00013650741954639718
1335,0.859238589216374
1336,0.26950439318496594
1337,0.00040880875492261496
1338,0.30757279382613334
1339,0.0001038210187657434
1340,0.23593792341978084
1341,7.65267679011656e-05
1342,0.30802444168050774
1343,0.957823486960775
1344,0.023327725890825123
1345,0.1574689700036258
1346,0.09903592000080476
1347,0.0008585886918758187
1348,0.00038188764781667755
1349,0.47905760374524387
1350,0.06050022555157166
1351,0.32504161413905436
1352,0.5743401268860796
1353,0.00027184101824820957
1354,0.22672404728009748
1355,0.9165293809158401
1356,0.340096647158365
1357,1.9417454596609845e-06
1358,0.14035699656642026
1359,0.03468278103484735
1360,0.0001203110850989592
1361,0.33120750431286605
1362,0.7010697264077888
1363,0.00012074607068695013
1364,0.0003466470801954076
1365,0.001104870917633974
1366,0.00024877325630026973
1367,0.28417596957828734
1368,0.0003890217815276894
1369,0.7825279624209628
1370,0.1955894765573117
1371,0.2955448457471724
1372,0.00022582208443923347
1373,0.0003170205695337686
1374,0.25531988493890806
1375,0.0016410158023682563
1376,0.0008892378066248026
1377,0.0016367596823983026
1378,0.0015075046754856117
1379,0.49197435568069603
1380,0.8354469263513311
1381,0.0004734988323750147
1382,0.17609439886742645
1383,0.6329694397322005
1384,0.15972283442327573
1385,0.19918116398569752
1386,3.0813879829650857e-06
1387,0.001646805166410261
1388,0.14759005951424517
1389,0.0019677392384911895
1390,0.08331712601622861
1391,6.770530738035851e-05
1392,0.4097615378497571
1393,0.7015996163103834
1394,0.0002990856770746307
1395,0.1984991945278967
1396,0.18043196702066402
1397,0.00015146169366821017
1398,0.32355599181374434
1399,9.045417791618649e-05
1400,0.2482553488909638
1401,0.6051222487639294
1402,0.00018490457940218083
1403,0.204344128004708
1404,0.000530134263174478
1405,0.02051446462771902
1406,0.0001151416460035317
1407,0.0030792189564654306
1408,0.30191237696565176
1409,0.17330577092419064
1410,0.0001441807048784064
1411,0.3223946357750449
1412,0.47147855161001323
1413,0.5941461498928917
1414,0.004425314357782912
1415,0.8265879255361052
1416,0.5125188593600889
1417,0.77184762412497
1418,0.11285676457211569
1419,0.2753803034720205
1420,0.023328016169177714
1421,0.7441001501866404
1422,0.0009656102150798669
1423,0.0011367802627169853
1424,0.3648915924264479
1425,0.25772067729385795
1426,0.6427295059393795
1427,0.9049712723763207
1428,0.2737295961347856
1429,0.00275102934399389
1430,0.25101110607363597
1431,0.00025262353305710084
1432,0.9485641897707062
1433,0.5839375809925502
1434,0.32941073693561257
1435,8.733451054465563e-05
1436,0.6118656995187145
1437,0.3223721989668369
1438,0.0005191004124075785
1439,0.17496642507169374
1440,0.2980035639838634
1441,0.35050292860865695
1442,0.22331157965175955
1443,0.0022936335724185837
1444,0.19797665108631016
1445,0.002785495734269835
1446,0.8379635129411229
1447,0.00042698509859652125
1448,0.7480253698836762
1449,0.002747635557528619
1450,0.0005350289588425509
1451,0.7976909240077386
1452,0.21528564636166964
1453,0.0010127052623742304
1454,0.001239504286125331
1455,0.00015046856439608137
1456,0.9640906733268291
1457,0.00026231335477140303
1458,0.3199333056884047
1459,0.16244397180318756
1460,0.17071549684418608
1461,0.0004248258325893234
1462,0.005727436150581891
1463,0.0003047484760588991
1464,0.1781068445061898
1465,0.00026246701542230504
1466,0.7746945723816799
1467,0.000268845202661096
1468,0.5099252219536777
1469,0.0003139625158241175
1470,0.26948009460365113
1471,0.00011950286417499057
1472,7.6633355731284e-05
1473,0.2906091205171011
1474,0.162971013901639
1475,0.0002660827512694646
1476,0.001057983072613644
1477,0.00021946540844210483
1478,0.957377134614783
1479,0.43091827136546834
1480,9.724064350980173e-05
1481,6.326401072447214e-05
1482,0.6762492589509849
1483,0.0024548006261864105
1484,0.11338015932055225
1485,0.3861219922440797
1486,0.18660881129502224
1487,0.0014175558526486997
1488,0.2351903658526704
1489,0.7025829349402117
1490,0.0014881253557938723
1491,0.00012155111343761991
1492,0.3158598907363536
1493,0.2399033972893983
1494,0.48716609104699243
1495,0.9575352819660862
1496,0.00015416730746151174
1497,0.0005142566639073869
1498,0.0002538278311626941
1499,0.13318504901562078
1500,0.001571910367687347
1501,0.24833755661355886
1502,0.06416794305896326
1503,0.0003088045436076728
1504,0.3551882576571314
1505,0.0019625988944219986
1506,0.4381678443455792
1507,0.00040173060300536747
1508,0.0019370196526211415
1509,0.1529118328840532
1510,0.32312889603424283
1511,0.9505605724603282
1512,0.22278418949153198
1513,0.4865886484132384
1514,0.09293349147296567
1515,0.41597770293934677
1516,0.15960055117148578
1517,0.19991200634466347
1518,0.5885135916280081
1519,0.003027550882142097
1520,0.0005732123388243724
1521,0.7527295459089929
1522,0.9350817120441584
1523,0.9485837157400558
1524,0.00018862027376910392
1525,0.35597490175875324
1526,0.19616617816283768
1527,0.0007863636737045855
1528,0.8542915511502228
1529,0.13090643324096168
1530,0.7123759885566386
1531,0.0027956256721139005
1532,0.21984411000808132
1533,0.10198539116183372
1534,8.202938973646185e-05
1535,0.00021482377523313447
1536,0.00011691798101738707
1537,0.00024815353849114315
1538,0.002743869583868555
1539,0.7105078225310123
1540,0.5451476955209316
1541,0.0015674193928491098
1542,0.2566390891677596
1543,0.3501651435418109
1544,0.14731399577300106
1545,0.3670357990799801
1546,0.09638012887497795
1547,0.18360184785660422
1548,0.34263336219026985
1549,0.0001340301522571091
1550,9.724064350980173e-05
1551,0.00026475260840030744
1552,0.17900855867503762
1553,0.00044346282530637244
1554,0.0001592351420851465
1555,0.6279882165840723
1556,0.0005355472572754654
1557,0.0002577828499464993
1558,0.45270051705451086
1559,0.6985308878068083
1560,0.3152635346607946
1561,0.0002470766796195284
1562,0.2185110310801991
1563,0.24360401303579562
1564,0.0016672135149081936
1565,0.5152150522563773
1566,0.0011652543084799904
1567,0.003851792508693699
1568,0.2823506592435324
1569,0.14412121076412293
1570,0.11929695527230108
1571,0.00011579637939656463
1572,0.0006525597808687108
1573,0.2874498655423322
1574,0.41465948755657367
1575,0.32659286969625645
1576,0.4620084362874636
1577,0.2461703954828248
1578,0.0008239173692620463
1579,0.00028203184949143
1580,0.7081145396136107
1581,0.0005393347143602433
1582,0.3209495661306253
1583,0.5006826600090478
1584,0.29451727193226585
1585,0.0007259477895921813
1586,0.29468824309544533
1587,0.0003692282222746103
1588,0.31492859886955754
1589,0.16764750584320526
1590,0.0003278805544965787
1591,0.16815776042697345
1592,0.6739526459639887
1593,0.00017177839091559428
1594,0.3751954372803085
1595,0.3229232738983519
1596,0.0027035336248808707
1597,0.0003826073012342715
1598,0.3126189305128512
1599,0.6626212786621974
1600,0.6327580421595276
1601,0.00012255198877674862
1602,0.000728280602287335
1603,0.0007190980353052527
1604,0.4586312713890844
1605,4.465331906826047e-05
1606,0.26021327889651064
1607,0.49331672963762363
1608,0.5350647910294091
1609,0.7947993963184743
1610,0.010989998458061884
1611,0.3589613769545397
1612,0.13680418884111714
1613,0.0008207732189573276
1614,0.16632468750211987
1615,0.00025915180235295865
1616,0.3199526504883806
1617,0.6811201123698637
1618,0.00039358975130471415
1619,0.0004206309596698121
1620,0.31181962449981276
1621,0.6938943637336598
1622,0.3205467545882596
1623,0.00013755698904072063
1624,0.2996300651306911
1625,0.3193653778743044
1626,0.01210728009483099
1627,0.00020082582876128666
1628,0.01068201862209086
1629,0.00041304529196704577
1630,0.00028064291631147776
1631,0.0009305122868089968
1632,0.0002623862337998075
1633,0.17078204425173663
1634,0.00011904114787344508
1635,0.5050963322279001
1636,0.00016734066597382097
1637,0.19959258754587153
1638,0.0007956378205190299
1639,0.163937798368164
1640,0.2736285852246018
1641,5.815706699850421e-06
1642,0.00026651076653942766
1643,0.00011923612549363988
1644,0.0019664647526599433
1645,0.0004391293467396159
1646,0.5350647910294091
1647,0.0001013630555148292
1648,0.0045062973839184554
1649,0.2872759561837579
1650,0.0015834432959510544
1651,0.16778683310292034
1652,0.001066111318715842
1653,0.8352504338273434
1654,0.9266786355570169
1655,0.0014211879716159725
1656,0.0002984657812705103
1657,0.2589554688760069
1658,0.23685897547649246
1659,0.9591180469759985
1660,0.0016142807739968632
1661,0.35039372982033834
1662,0.7667237783751207
1663,0.5710077280130835
1664,0.4730853777517722
1665,0.002016592237136104
1666,0.013068793373435483
1667,0.17709504596719292
1668,0.018505003002466536
1669,9.301868703024754e-05
1670,0.001886855086582327
1671,0.3415777357520335
1672,0.4545688103305373
1673,0.09512551736772905
1674,0.0009947577719490665
1675,0.0008539322126505649
1676,0.0036841097344517885
1677,0.40443066241555603
1678,0.840084836065005
1679,0.00025892659095123546
1680,0.195353923603409
1681,0.11431085251229962
1682,0.2891778103558191
1683,9.100418491501007e-05
1684,0.0010114543427886813
1685,0.0046592964472365345
1686,0.0005020337926157147
1687,0.4158579453678345
1688,0.0029640677952650707
1689,0.002173231382598845
1690,8.218305509650304e-05
1691,0.34993045027724734
1692,0.000536541257651335
1693,0.31230743707323494
1694,0.5631958378068453
1695,0.00010743875412110898
1696,0.4274778181113798
1697,0.004017080778828257
1698,0.34542628332035114
1699,0.00011714768918286417
1700,0.0007356126899174191
1701,0.000977913574133836
1702,0.6337768103461042
1703,0.005192066056665986
1704,0.00010925944673330415
1705,0.00035612469312165787
1706,0.0019557640346827224
1707,0.5531492658519725
1708,0.1768194240663347
1709,0.00033100102327483105
1710,0.00017070020414414113
1711,0.001600829343674483
1712,0.41927153719453747
1713,0.15520438580552676
1714,0.3073024504461044
1715,0.00014187744930066292
1716,0.8581326272114594
1717,0.5741030410940089
1718,0.12226507853393025
1719,0.2009095413994381
1720,0.00015473978334417467
1721,0.3598380163460108
1722,0.2714358377699816
1723,0.23907858775713647
1724,0.4176861117975017
1725,0.3207733406856701
1726,0.0002867803154792996
1727,0.19382026219596743
1728,0.1465382500099214
1729,0.572213527333385
1730,0.16141105895455535
1731,0.7643275263862795
1732,0.08251931602650106
1733,0.9343954893629103
1734,0.0006873233363474246
1735,0.8930522000631693
1736,0.29995248359999344
1737,0.5350647910294091
1738,0.2605079133439357
1739,0.7521735443840136
1740,0.3183115621188183
1741,0.0038278388116227253
1742,0.012209483918975556
1743,0.9626487849124065
1744,0.0002047951736472796
1745,0.03638838250351126
1746,0.00030045580961483024
1747,0.0008375765323430815
1748,0.7643275263862795
1749,0.16079943780652406
1750,0.9007630474756825
1751,0.15982474273919536
1752,0.2823506592435324
1753,0.956692290431134
1754,0.29710643327008457
1755,0.2164545366389028
1756,0.2783635447264029
1757,0.3192716304602928
1758,0.14716337087537154
1759,0.44854569540369715
1760,0.2986400106989963
1761,0.42096089256667724
1762,0.0004096606814109868
1763,0.1845784531206599
1764,8.357374833041915e-05
1765,0.27564370151002443
1766,0.36464874067321534
1767,0.20146390059149688
1768,0.36722299212018333
1769,0.7270470520107017
1770,0.6200948308571136
1771,0.5350647910294091
1772,0.00015554305582615843
1773,0.0019419486405928721
1774,7.11116390871368e-05
1775,0.9200017187284
1776,0.1485753598028993
1777,9.724064350980173e-05
1778,0.4107341188029322
1779,0.0004826832303530002
1780,0.0002495923878536337
1781,0.8839803146846196
1782,0.22583664165773915
1783,0.0023892429767390505
1784,0.4496448126663634
1785,0.2990464986140166
1786,0.35151595351139237
1787,0.5152483489318506
1788,0.018505003002466536
1789,0.1689130767633985
1790,0.18305120052955334
1791,0.3066331383151641
1792,0.6326430917629902
1793,0.16780477519777098
1794,0.3229319809855844
1795,4.1689062188944404e-05
1796,0.0010355525903188783
1797,0.20732170731321786
1798,0.19520726086802703
1799,0.0010355525903188783
1800,0.4211487329910132
1801,0.0010579982043443915
1802,0.00014104282355868446
1803,0.0009791529458990436
1804,0.24878785779421972
1805,0.00013259633426690212
1806,0.5273135883788065
1807,0.22760138017424686
1808,0.00011639461102964119
1809,0.8039469494658743
1810,0.0002606897301414419
1811,0.24153821889418683
1812,0.004813781733900904
1813,3.640219524010064e-05
1814,0.2005324102924966
1815,0.6728515691021024
1816,0.7228143344574572
1817,0.2593451757656979
1818,0.18048773691853318
1819,0.0011225102309686617
1820,0.0018956124623234372
1821,7.435877838150921e-05
1822,0.3196294622562849
1823,0.3175599722389808
1824,3.968890924518294e-05
1825,0.0005568221938558441
1826,0.3049744648321095
1827,0.31674195724526
1828,0.002057082272031957
1829,0.1930788310645924
1830,0.013068793373435483
1831,0.00011598055725960387
1832,0.3972501480220266
1833,0.08301917400098298
1834,0.001689585341565345
1835,0.32504161413905436
1836,0.00012781911284433968
1837,0.00011026430310232762
1838,0.00018679490907522157
1839,0.23645115411772222
1840,0.3240120400902625
1841,0.0019843458003150623
1842,0.0023129893468596383
1843,0.13301537667277627
1844,0.6269625950860842
1845,9.624074001072536e-05
1846,0.23543100095275946
1847,0.0015887236301363888
1848,0.6324002381566548
1849,0.17832357082884537
1850,0.32498376273764434
